Time Index,CC Value,Time (UTC),MATLAB Time,Threshold Value,Station,Network,Template,Phase,MAD,CC Relation to MAD
63624.775,0.57397,05 March 2010 17:40:24.775,734202.7364,0.52876,ERPA,US,25_Nov,S,0.058751,9.7695
81052.475,0.54692,03 April 2010 22:30:52.475,734231.9381,0.53425,ERPA,US,25_Nov,S,0.059361,9.2134
75664.5,0.55621,10 April 2011 21:01:04.500,734603.8757,0.55498,ERPA,US,25_Nov,S,0.061664,9.02
28846.175,0.83163,22 August 2011 08:00:46.175,734737.3339,0.75726,ERPA,US,25_Nov,S,0.08414,9.884
71075.875,0.85547,25 August 2011 19:44:35.875,734740.8226,0.75346,ERPA,US,25_Nov,S,0.083717,10.2186
75820.625,0.87388,02 September 2011 21:03:40.625,734748.8776,0.6826,ERPA,US,25_Nov,S,0.075844,11.5221
3172.1,1.0805,30 September 2011 00:52:52.100,734776.0367,0.82614,ERPA,US,25_Nov,S,0.091793,11.771
