Time Index,CC Value,Time (UTC),MATLAB Time,Threshold Value,Station,Network,Template,Phase,MAD,CC Relation to MAD
32624,0.77047,18 December 2011 09:03:44.000,734855.3776,0.72774,MCWV,US,25_Nov,S,0.08086,9.5284
23133.775,1.0465,24 December 2011 06:25:33.775,734861.2678,0.71308,MCWV,US,25_Nov,S,0.079231,13.2077
80053,0.73057,24 December 2011 22:14:13.000,734861.9265,0.71308,MCWV,US,25_Nov,S,0.079231,9.2208
72335.8,1.4527,31 December 2011 20:05:35.800,734868.8372,0.73529,MCWV,US,25_Nov,S,0.081699,17.7814
22852.325,0.75475,31 December 2011 06:20:52.325,734868.2645,0.73529,MCWV,US,25_Nov,S,0.081699,9.2381
2877.625,0.72201,01 January 2012 00:47:57.625,734869.0333,0.70564,MCWV,US,25_Nov,S,0.078405,9.2088
76630.05,0.83041,02 January 2012 21:17:10.050,734870.8869,0.72333,MCWV,US,25_Nov,S,0.08037,10.3324
