Time Index,CC Value,Time (UTC),MATLAB Time,Threshold Value,Station,Network,Template,Phase,MAD,CC Relation to MAD
75664.5,0.55621,10 April 2011 21:01:04.500,734603.8757,0.55498,ERPA,US,25_Nov,S,0.061664,9.02
28846.175,0.83163,22 August 2011 08:00:46.175,734737.3339,0.75726,ERPA,US,25_Nov,S,0.08414,9.884
71075.875,0.85547,25 August 2011 19:44:35.875,734740.8226,0.75346,ERPA,US,25_Nov,S,0.083717,10.2186
75820.625,0.87388,02 September 2011 21:03:40.625,734748.8776,0.6826,ERPA,US,25_Nov,S,0.075844,11.5221
3172.1,1.0805,30 September 2011 00:52:52.100,734776.0367,0.82614,ERPA,US,25_Nov,S,0.091793,11.771
24461.65,1.9629,25 November 2011 06:47:41.650,734832.2831,0.89533,ERPA,US,25_Nov,S,0.099482,19.7316
